{ "columns":16,
 "editorsettings":
    {
     "export":
        {
         "format":"",
         "target":"."
        }
    },
 "image":"..\/assets\/tiled_tileset.png",
 "imageheight":256,
 "imagewidth":256,
 "margin":0,
 "name":"tiled_tileset",
 "spacing":0,
 "terrains":[
        {
         "name":"dirt",
         "tile":75
        }, 
        {
         "name":"dirttransparent",
         "tile":71
        }],
 "tilecount":256,
 "tiledversion":"1.3.4",
 "tileheight":16,
 "tiles":[
        {
         "id":23,
         "terrain":[1, 1, 1, -1]
        }, 
        {
         "id":24,
         "terrain":[1, 1, -1, 1]
        }, 
        {
         "id":27,
         "terrain":[0, 0, 0, -1]
        }, 
        {
         "id":28,
         "terrain":[0, 0, -1, 0]
        }, 
        {
         "id":39,
         "terrain":[1, -1, 1, 1]
        }, 
        {
         "id":40,
         "terrain":[-1, 1, 1, 1]
        }, 
        {
         "id":43,
         "terrain":[0, -1, 0, 0]
        }, 
        {
         "id":44,
         "terrain":[-1, 0, 0, 0]
        }, 
        {
         "animation":[
                {
                 "duration":500,
                 "tileid":48
                }, 
                {
                 "duration":500,
                 "tileid":49
                }],
         "id":48
        }, 
        {
         "animation":[
                {
                 "duration":500,
                 "tileid":50
                }, 
                {
                 "duration":500,
                 "tileid":51
                }],
         "id":50
        }, 
        {
         "id":54,
         "terrain":[-1, -1, -1, 1]
        }, 
        {
         "id":55,
         "terrain":[-1, -1, 1, 1]
        }, 
        {
         "id":56,
         "terrain":[-1, -1, 1, -1]
        }, 
        {
         "id":58,
         "terrain":[-1, -1, -1, 0]
        }, 
        {
         "id":59,
         "terrain":[-1, -1, 0, 0]
        }, 
        {
         "id":60,
         "terrain":[-1, -1, 0, -1]
        }, 
        {
         "id":70,
         "terrain":[-1, 1, -1, 1]
        }, 
        {
         "id":71,
         "terrain":[1, 1, 1, 1]
        }, 
        {
         "id":72,
         "terrain":[1, -1, 1, -1]
        }, 
        {
         "id":74,
         "terrain":[-1, 0, -1, 0]
        }, 
        {
         "id":75,
         "terrain":[0, 0, 0, 0]
        }, 
        {
         "id":76,
         "terrain":[0, -1, 0, -1]
        }, 
        {
         "id":86,
         "terrain":[-1, 1, -1, -1]
        }, 
        {
         "id":87,
         "terrain":[1, 1, -1, -1]
        }, 
        {
         "id":88,
         "terrain":[1, -1, -1, -1]
        }, 
        {
         "id":90,
         "terrain":[-1, 0, -1, -1]
        }, 
        {
         "id":91,
         "terrain":[0, 0, -1, -1]
        }, 
        {
         "id":92,
         "terrain":[0, -1, -1, -1]
        }, 
        {
         "animation":[
                {
                 "duration":500,
                 "tileid":129
                }, 
                {
                 "duration":500,
                 "tileid":130
                }],
         "id":129
        }],
 "tilewidth":16,
 "type":"tileset",
 "version":1.2
}